Field1,Field2,Field2.5,Field3,Field4,Field5,Field6,Field7,Field8,Field9,Field10
E,T,V5,3,3,5,2016-03-06 22:10:17,601-404-6595,"Richards, Jarrod C.",nisl.sem.consequat@a.com,"elit elit fermentum risus, at fringilla purus mauris a nunc."
T,W,X3,3,2,4,2016-03-05 11:51:33,116-546-3428,"Mccray, Susan O.",nec.tempus@Donec.edu,sapien molestie orci tincidunt adipiscing. Mauris molestie pharetra nibh. Aliquam
Y,U,K3,1,4,1,2016-03-06 23:35:53,584-165-6543,"Spears, Tyler N.",dictum.placerat.augue@atpede.com,netus et malesuada fames ac turpis egestas. Aliquam fringilla cursus
V,V,H2,1,4,1,2016-03-03 10:09:33,450-754-5491,"Bailey, Zelda F.",quam@Phasellusnulla.com,in faucibus orci luctus et ultrices posuere cubilia Curae; Phasellus
N,M,F9,3,1,5,2016-03-01 12:52:05,309-214-5979,"Ferguson, Kendall W.",eu.eleifend.nec@lacus.co.uk,"malesuada vel, venenatis vel, faucibus id, libero. Donec consectetuer mauris"
E,O,X0,4,1,2,2016-03-02 10:36:04,260-365-2376,"Callahan, Solomon Z.",tellus@Craslorem.org,non enim. Mauris quis turpis vitae purus gravida sagittis. Duis
C,Y,Z9,4,3,3,2016-03-04 05:29:36,429-892-4580,"Bradley, Helen R.",vitae.semper.egestas@auctorullamcorper.net,"sodales nisi magna sed dui. Fusce aliquam, enim nec tempus"
C,D,H5,4,5,1,2016-03-01 09:22:42,603-567-4945,"Woodward, Sacha M.",consectetuer@leo.org,"ut, molestie in, tempus eu, ligula. Aenean euismod mauris eu"
P,G,S4,2,4,3,2016-03-02 22:14:18,351-685-5205,"Wells, Peter J.",ridiculus@Integerin.ca,"blandit. Nam nulla magna, malesuada vel, convallis in, cursus et,"
Y,S,R0,5,5,2,2016-03-02 10:14:44,907-261-0941,"Black, Paula D.",semper@enim.org,"tortor, dictum eu, placerat eget, venenatis a, magna. Lorem ipsum"
G,U,S1,2,1,2,2016-03-06 01:46:46,744-418-5814,"Roy, Leo V.",orci.Ut.sagittis@seddictum.org,sollicitudin adipiscing ligula. Aenean gravida nunc sed pede. Cum sociis
I,F,S6,5,3,5,2016-03-03 00:49:05,510-958-7848,"Romero, Daria O.",et@feugiatplaceratvelit.ca,"aliquet lobortis, nisi nibh lacinia orci, consectetuer euismod est arcu"
J,V,M6,5,1,1,2016-03-01 11:30:58,925-220-5958,"James, Macaulay L.",natoque.penatibus.et@tinciduntduiaugue.edu,velit. Quisque varius. Nam porttitor scelerisque neque. Nullam nisl. Maecenas
U,Y,L6,4,5,4,2016-03-03 14:55:33,480-976-8951,"Beach, Gabriel K.",ut@mollisInteger.edu,Mauris quis turpis vitae purus gravida sagittis. Duis gravida. Praesent
D,A,L3,3,2,4,2016-03-02 18:01:21,883-924-3100,"Holman, Shelly P.",egestas@id.ca,Donec vitae erat vel pede blandit congue. In scelerisque scelerisque
U,Y,I7,5,5,1,2016-03-04 05:39:56,160-189-6915,"Hawkins, Avram K.",eu.ligula@mollisnon.org,nibh. Quisque nonummy ipsum non arcu. Vivamus sit amet risus.
K,W,H5,3,2,4,2016-03-01 18:18:44,482-655-8921,"Ramos, Paula H.",lorem@FuscemollisDuis.ca,"risus. Quisque libero lacus, varius et, euismod et, commodo at,"
G,A,E1,4,3,4,2016-03-05 18:44:14,245-798-2459,"Dodson, Raja Y.",mus@aliquam.ca,"aliquet vel, vulputate eu, odio. Phasellus at augue id ante"
B,M,O4,4,3,1,2016-03-01 07:19:24,731-367-4697,"Henry, Lacy A.",facilisis@augueidante.com,"velit eget laoreet posuere, enim nisl elementum purus, accumsan interdum"
U,H,K9,2,5,2,2016-03-05 14:43:12,603-716-2916,"Payne, Vielka R.",dictum@magna.net,erat volutpat. Nulla dignissim. Maecenas ornare egestas ligula. Nullam feugiat
Q,B,W6,4,2,2,2016-03-01 06:12:09,674-708-7286,"Grimes, Amena S.",neque.In.ornare@euismodurnaNullam.org,"vulputate, risus a ultricies adipiscing, enim mi tempor lorem, eget"
G,M,T2,2,1,1,2016-03-06 02:41:15,544-651-4424,"Wilcox, Laith Q.",Cras.interdum.Nunc@et.ca,"tempus eu, ligula. Aenean euismod mauris eu elit. Nulla facilisi."
H,W,I3,5,1,2,2016-03-01 07:14:44,519-595-4729,"Lindsey, Rashad U.",orci.in.consequat@inmolestietortor.com,"nec tempus scelerisque, lorem ipsum sodales purus, in molestie tortor"
R,K,S1,3,5,4,2016-03-03 05:15:25,835-957-6467,"Glover, Aretha C.",turpis.In@ridiculusmus.net,"pede. Suspendisse dui. Fusce diam nunc, ullamcorper eu, euismod ac,"
L,Y,Y2,1,3,2,2016-03-03 17:46:03,284-357-2910,"Castro, Sophia Q.",enim.nisl@loremegetmollis.edu,lorem vitae odio sagittis semper. Nam tempor diam dictum sapien.
P,H,F9,4,3,2,2016-03-01 12:19:51,386-849-4852,"Brennan, Reese P.",nisi.Cum@Donecegestas.ca,"Quisque libero lacus, varius et, euismod et, commodo at, libero."
V,N,Z3,2,5,1,2016-03-02 20:08:29,220-956-4240,"Ferrell, Cathleen K.",semper.rutrum@nibhlaciniaorci.edu,"est, vitae sodales nisi magna sed dui. Fusce aliquam, enim"
Y,K,H8,2,1,1,2016-03-03 06:27:52,587-876-1339,"George, Walker P.",interdum.ligula@Phasellusfermentum.com,"dui quis accumsan convallis, ante lectus convallis est, vitae sodales"
M,I,J8,2,1,5,2016-03-05 09:37:08,364-401-5080,"Weber, Odessa S.",penatibus@Inlorem.edu,sit amet metus. Aliquam erat volutpat. Nulla facilisis. Suspendisse commodo
R,Q,S5,3,3,1,2016-03-06 14:26:25,991-878-2171,"Davis, Griffith V.",dolor@egestasurna.ca,Integer id magna et ipsum cursus vestibulum. Mauris magna. Duis
J,N,Q9,2,4,4,2016-03-05 16:35:30,915-549-7238,"Blevins, Bree S.",quam.dignissim@ultricesa.edu,"ac libero nec ligula consectetuer rhoncus. Nullam velit dui, semper"
K,F,W4,5,4,3,2016-03-03 15:57:11,301-845-5962,"Craig, Sylvia V.",leo@Duiscursusdiam.co.uk,eu odio tristique pharetra. Quisque ac libero nec ligula consectetuer
Y,M,U3,5,1,5,2016-03-02 12:50:03,847-390-0492,"Wooten, Lars N.",Ut.tincidunt.orci@arcuSedeu.net,"ultrices, mauris ipsum porta elit, a feugiat tellus lorem eu"
M,J,F4,2,2,2,2016-03-03 04:30:27,962-675-5217,"Walters, Harlan T.",ad@fermentummetusAenean.net,"ac facilisis facilisis, magna tellus faucibus leo, in lobortis tellus"
I,O,C6,1,1,3,2016-03-05 14:47:21,662-542-7338,"Holloway, Randall N.",odio@intempuseu.org,ut nisi a odio semper cursus. Integer mollis. Integer tincidunt
X,B,W7,4,4,4,2016-03-02 16:20:20,449-560-9183,"Mcconnell, Chandler J.",ligula.Nullam@accumsanneque.ca,"elit fermentum risus, at fringilla purus mauris a nunc. In"
B,U,C0,4,5,1,2016-03-03 01:19:56,836-840-6007,"Buckner, Lysandra Z.",Cras.vulputate.velit@Phasellus.edu,"sem ut cursus luctus, ipsum leo elementum sem, vitae aliquam"
A,P,R3,1,1,5,2016-03-02 03:44:55,414-210-7462,"Mcfadden, Heidi G.",venenatis.vel.faucibus@Duis.ca,eget ipsum. Suspendisse sagittis. Nullam vitae diam. Proin dolor. Nulla
W,P,C5,5,3,3,2016-03-05 21:39:14,266-748-7839,"Evans, Jorden V.",id.ante@Duisrisus.com,"ac mattis semper, dui lectus rutrum urna, nec luctus felis"
X,O,P9,1,3,2,2016-03-01 19:15:17,971-924-4861,"Farmer, Karleigh T.",justo.nec.ante@necdiamDuis.net,"Duis at lacus. Quisque purus sapien, gravida non, sollicitudin a,"
Q,R,F9,2,5,5,2016-03-06 05:55:04,843-278-5079,"Frost, Laith E.",ornare.sagittis@enimnisl.net,"sagittis felis. Donec tempor, est ac mattis semper, dui lectus"
Z,U,O3,4,1,4,2016-03-03 13:56:58,882-217-8056,"Melton, Darius S.",inceptos@estNunc.net,aliquam arcu. Aliquam ultrices iaculis odio. Nam interdum enim non
R,N,J4,5,2,5,2016-03-03 07:43:04,845-256-2769,"Bass, Ariana B.",scelerisque.lorem.ipsum@laoreetipsumCurabitur.co.uk,sagittis placerat. Cras dictum ultricies ligula. Nullam enim. Sed nulla
J,W,D9,5,2,4,2016-03-01 04:48:00,325-916-4039,"Koch, Kareem H.",vitae.purus.gravida@placeratorcilacus.com,"sed dolor. Fusce mi lorem, vehicula et, rutrum eu, ultrices"
V,W,P2,1,4,2,2016-03-01 12:12:40,300-713-9604,"Sargent, Benjamin F.",auctor@doloregestas.com,tellus justo sit amet nulla. Donec non justo. Proin non
U,S,X3,5,1,5,2016-03-01 20:31:25,656-771-2087,"Mcknight, Linus J.",nisi.Cum.sociis@et.co.uk,"dis parturient montes, nascetur ridiculus mus. Donec dignissim magna a"
Z,C,A9,2,3,1,2016-03-04 03:07:17,253-967-5701,"Thompson, Tucker Q.",pede.Nunc.sed@Aliquamauctor.com,urna. Nunc quis arcu vel quam dignissim pharetra. Nam ac
Z,O,E7,1,2,3,2016-03-05 22:32:13,490-688-7479,"Alvarez, Shaine C.",dui@aliquet.net,"erat nonummy ultricies ornare, elit elit fermentum risus, at fringilla"
B,R,M8,3,2,2,2016-03-05 16:58:13,958-624-2930,"Beard, Dara O.",sed.sem.egestas@Donecelementumlorem.net,"non, dapibus rutrum, justo. Praesent luctus. Curabitur egestas nunc sed"
E,U,I7,2,5,1,2016-03-04 19:37:10,600-229-2420,"Contreras, Chandler O.",lacinia.Sed.congue@mollisduiin.org,"diam lorem, auctor quis, tristique ac, eleifend vitae, erat. Vivamus"
L,P,J3,1,1,2,2016-03-06 13:28:56,623-908-4625,"Wilkinson, Josiah Q.",parturient.montes@tinciduntnibh.com,"bibendum sed, est. Nunc laoreet lectus quis massa. Mauris vestibulum,"
N,G,X2,4,3,2,2016-03-02 23:27:57,833-723-2658,"Moody, Quentin N.",ligula.tortor.dictum@dictumultriciesligula.net,massa rutrum magna. Cras convallis convallis dolor. Quisque tincidunt pede
H,M,Q8,5,4,5,2016-03-03 15:19:20,466-347-6093,"Melendez, Lamar D.",Cras.interdum@neceleifendnon.net,Ut nec urna et arcu imperdiet ullamcorper. Duis at lacus.
U,M,E5,1,1,3,2016-03-05 07:30:32,862-956-0171,"Campos, Pamela K.",interdum.feugiat.Sed@turpisnon.co.uk,magna a neque. Nullam ut nisi a odio semper cursus.
Y,S,G5,2,1,2,2016-03-05 03:26:21,795-327-4902,"Ashley, Rigel X.",eu.ultrices.sit@porttitorerosnec.com,"orci lacus vestibulum lorem, sit amet ultricies sem magna nec"
V,J,P1,5,5,4,2016-03-01 01:05:13,158-715-7994,"Schroeder, Naida A.",porttitor@nec.co.uk,"dapibus gravida. Aliquam tincidunt, nunc ac mattis ornare, lectus ante"
G,K,X6,2,5,4,2016-03-05 04:09:23,346-877-0953,"Holcomb, Jane Q.",iaculis.quis@augueeutellus.co.uk,"metus urna convallis erat, eget tincidunt dui augue eu tellus."
M,F,B4,3,4,2,2016-03-01 13:57:56,417-737-8936,"Nolan, Allegra T.",adipiscing@Namligula.ca,leo. Cras vehicula aliquet libero. Integer in magna. Phasellus dolor
T,L,L2,5,1,2,2016-03-05 19:52:17,213-333-3094,"Carlson, Azalia W.",laoreet.ipsum.Curabitur@anteiaculis.ca,tincidunt. Donec vitae erat vel pede blandit congue. In scelerisque
M,I,N4,3,3,1,2016-03-01 15:26:11,786-463-5925,"Conway, Mohammad O.",orci@duiFusce.org,Pellentesque habitant morbi tristique senectus et netus et malesuada fames
U,C,L7,1,4,1,2016-03-05 14:30:29,209-336-1978,"Lara, Alana K.",Nunc.commodo@turpisnon.net,velit. Pellentesque ultricies dignissim lacus. Aliquam rutrum lorem ac risus.
E,F,P8,1,3,4,2016-03-05 21:17:40,972-323-8656,"Prince, Wylie M.",scelerisque.scelerisque.dui@Duisdignissimtempor.net,erat volutpat. Nulla dignissim. Maecenas ornare egestas ligula. Nullam feugiat
P,F,B8,3,2,1,2016-03-01 04:43:38,404-256-5414,"Hooper, Rafael Q.",a.magna@posuerecubilia.net,in lobortis tellus justo sit amet nulla. Donec non justo.
D,F,Y2,1,3,3,2016-03-05 17:53:04,802-343-2959,"Holloway, Flavia V.",odio.Nam.interdum@venenatis.co.uk,"gravida. Aliquam tincidunt, nunc ac mattis ornare, lectus ante dictum"
X,J,D2,1,1,1,2016-03-01 04:04:56,258-426-6869,"Vincent, Kelly X.",enim.mi@accumsan.com,"vitae semper egestas, urna justo faucibus lectus, a sollicitudin orci"
H,W,I6,2,2,4,2016-03-02 17:56:11,391-877-3810,"Blair, Dana P.",pharetra.Quisque.ac@velit.com,"felis ullamcorper viverra. Maecenas iaculis aliquet diam. Sed diam lorem,"
L,S,X0,5,3,2,2016-03-05 16:59:22,832-330-6154,"Sherman, Bryar L.",a.scelerisque.sed@ipsum.ca,"sem semper erat, in consectetuer ipsum nunc id enim. Curabitur"
A,G,W1,4,2,3,2016-03-04 22:04:52,799-396-3068,"Mcclain, Britanni G.",tellus.non.magna@nonenim.org,"vitae, aliquet nec, imperdiet nec, leo. Morbi neque tellus, imperdiet"
U,B,A3,1,4,2,2016-03-05 06:40:14,490-671-0842,"Espinoza, Dai A.",lorem@etrutrumnon.org,id risus quis diam luctus lobortis. Class aptent taciti sociosqu
Q,O,B7,2,4,3,2016-03-04 10:52:12,948-627-9337,"Hampton, Matthew U.",rutrum@Uttinciduntorci.net,"tempus, lorem fringilla ornare placerat, orci lacus vestibulum lorem, sit"
A,X,D3,2,3,4,2016-03-01 05:00:24,462-484-3912,"Grimes, Melanie V.",Nullam@feugiatSed.com,"dui quis accumsan convallis, ante lectus convallis est, vitae sodales"
I,I,R5,5,5,3,2016-03-03 12:01:26,451-703-6482,"Berger, Reese P.",Sed.nunc.est@augueeutempor.net,dictum. Proin eget odio. Aliquam vulputate ullamcorper magna. Sed eu
I,W,O6,1,4,1,2016-03-02 17:57:49,101-834-7380,"Case, Aristotle X.",eu@musDonec.edu,"nec, euismod in, dolor. Fusce feugiat. Lorem ipsum dolor sit"
R,H,J2,5,2,2,2016-03-04 13:58:23,937-544-5164,"Cruz, Kevyn X.",tellus.id.nunc@utaliquamiaculis.ca,"malesuada vel, venenatis vel, faucibus id, libero. Donec consectetuer mauris"
C,Q,J0,4,1,1,2016-03-06 22:10:06,638-457-4255,"Blanchard, Hedley S.",rutrum@purusactellus.edu,"risus a ultricies adipiscing, enim mi tempor lorem, eget mollis"
Q,C,U9,5,2,1,2016-03-03 12:55:06,162-920-9816,"Blackwell, Erasmus F.",Aliquam@turpisnecmauris.edu,"lobortis, nisi nibh lacinia orci, consectetuer euismod est arcu ac"
W,E,S9,1,2,1,2016-03-06 23:57:58,433-658-3368,"Potter, Elaine W.",sem@dolordolor.ca,"risus. Donec nibh enim, gravida sit amet, dapibus id, blandit"
L,S,C9,3,5,3,2016-03-05 17:51:06,217-295-1601,"Wynn, Sydnee Q.",auctor.Mauris.vel@lorem.co.uk,"pellentesque, tellus sem mollis dui, in sodales elit erat vitae"
N,D,H0,4,3,1,2016-03-01 13:50:32,985-115-9619,"Oconnor, Wanda N.",nonummy@enimMauris.org,vel quam dignissim pharetra. Nam ac nulla. In tincidunt congue
L,Q,F0,1,4,3,2016-03-04 04:27:20,160-320-1990,"Sharpe, Olga D.",vel.faucibus.id@loremfringillaornare.ca,amet nulla. Donec non justo. Proin non massa non ante
L,B,I2,2,1,4,2016-03-05 01:32:26,827-272-6939,"Contreras, Knox B.",faucibus@adui.com,sit amet ornare lectus justo eu arcu. Morbi sit amet
V,L,T1,3,2,4,2016-03-01 19:59:43,135-158-5174,"Gilliam, Jaime Q.",augue.eu@acmattisornare.ca,tellus justo sit amet nulla. Donec non justo. Proin non
W,M,J6,5,5,2,2016-03-02 00:04:06,359-654-3119,"Yang, Joshua W.",sed.sapien.Nunc@egestas.edu,tempus risus. Donec egestas. Duis ac arcu. Nunc mauris. Morbi
P,G,B1,5,5,1,2016-03-05 17:51:11,903-403-5593,"Washington, Anne W.",orci.adipiscing@eratvitae.co.uk,"amet, dapibus id, blandit at, nisi. Cum sociis natoque penatibus"
H,G,P5,5,3,2,2016-03-03 06:08:19,476-856-9456,"Ray, Vladimir V.",nunc@asollicitudin.org,"sem mollis dui, in sodales elit erat vitae risus. Duis"
B,X,D7,4,3,3,2016-03-03 19:02:58,315-429-0916,"Farley, Tana Y.",posuere.cubilia.Curae@dolorquam.edu,"ut, nulla. Cras eu tellus eu augue porttitor interdum. Sed"
V,M,S6,5,2,4,2016-03-04 10:50:55,176-425-2179,"Osborn, Hilary D.",sed.orci@montes.com,arcu. Sed eu nibh vulputate mauris sagittis placerat. Cras dictum
Z,S,G0,5,2,5,2016-03-02 03:27:54,617-620-8918,"Parker, Taylor E.",blandit@diamloremauctor.ca,senectus et netus et malesuada fames ac turpis egestas. Aliquam
P,S,Q1,2,3,5,2016-03-02 13:51:20,589-917-0428,"Duffy, Carly U.",at@Praesenteudui.net,Aliquam nisl. Nulla eu neque pellentesque massa lobortis ultrices. Vivamus
E,M,J2,4,1,4,2016-03-01 15:31:32,473-887-3029,"Rodgers, Shoshana A.",lorem.ac.risus@tortoratrisus.co.uk,Donec vitae erat vel pede blandit congue. In scelerisque scelerisque
W,Q,N2,2,5,1,2016-03-02 05:41:22,490-894-1270,"Schroeder, Hadassah E.",nunc.interdum.feugiat@acturpis.co.uk,in felis. Nulla tempor augue ac ipsum. Phasellus vitae mauris
U,H,C9,2,5,5,2016-03-05 14:38:01,248-242-8557,"Park, Phelan D.",amet.risus@rutrummagna.com,"non leo. Vivamus nibh dolor, nonummy ac, feugiat non, lobortis"
P,O,C2,5,2,3,2016-03-06 22:03:29,104-806-7278,"Kent, Damian Z.",enim.sit.amet@enim.edu,"lacus. Nulla tincidunt, neque vitae semper egestas, urna justo faucibus"
U,R,V0,1,4,2,2016-03-02 00:32:31,487-997-2570,"Petty, Macon E.",natoque.penatibus@nislsem.edu,"tincidunt dui augue eu tellus. Phasellus elit pede, malesuada vel,"
I,R,A1,5,1,5,2016-03-04 20:23:07,677-958-6436,"Marquez, Jillian A.",scelerisque@vehicula.com,et netus et malesuada fames ac turpis egestas. Fusce aliquet
Q,J,H9,1,1,2,2016-03-03 07:11:32,700-561-7091,"Huff, Denton Z.",nec@natoquepenatibuset.edu,"ligula. Nullam enim. Sed nulla ante, iaculis nec, eleifend non,"
C,R,K5,5,2,5,2016-03-03 22:56:11,252-300-3655,"Bradshaw, Martina X.",sagittis.lobortis.mauris@afeugiat.com,tempus risus. Donec egestas. Duis ac arcu. Nunc mauris. Morbi
Y,K,H0,4,4,5,2016-03-03 04:27:37,568-808-6205,"Burks, Jasper H.",pede.Nunc.sed@acmattis.org,"dolor sit amet, consectetuer adipiscing elit. Etiam laoreet, libero et"
W,L,M8,4,1,5,2016-03-05 21:14:47,625-877-1164,"Noble, Sylvester F.",et.nunc@elit.com,dignissim. Maecenas ornare egestas ligula. Nullam feugiat placerat velit. Quisque
M,B,T0,5,1,4,2016-03-02 03:56:52,817-377-4908,"Grimes, Harper Q.",vitae.semper.egestas@Phasellusdolor.net,"dolor. Fusce feugiat. Lorem ipsum dolor sit amet, consectetuer adipiscing"